{"cameraMode":{"drawMode":0,"name":"Shaded","section":"Shading Mode"},"sceneLighting":true,"audioPlay":false,"sceneViewState":{"showFog":true,"showMaterialUpdate":false,"showSkybox":true,"showFlares":true,"showImageEffects":true,"showParticleSystems":true},"in2DMode":false,"pivot":{"x":0.12763354182243348,"y":0.10310487449169159,"z":0.010410398244857788},"rotation":{"x":-0.02227073907852173,"y":0.9154154062271118,"z":-0.051142171025276187,"w":-0.3986295461654663},"size":0.2615528702735901,"orthographic":false}