{"cameraMode":{"drawMode":0,"name":"Shaded","section":"Shading Mode"},"sceneLighting":true,"audioPlay":false,"sceneViewState":{"showFog":true,"showMaterialUpdate":false,"showSkybox":true,"showFlares":true,"showImageEffects":true,"showParticleSystems":true},"in2DMode":false,"pivot":{"x":2.0724034309387209,"y":4.487751007080078,"z":-1.7123479843139649},"rotation":{"x":-0.006197699345648289,"y":0.9908391833305359,"z":-0.12582208216190339,"w":-0.048787523061037067},"size":19.148880004882814,"orthographic":false}